time,Afghanistan,Bangladesh,Bhutan,Myanmar,Nepal,Pakistan,Sri Lanka,Zone 1,Zone 10,Zone 11,Zone 12,Zone 13,Zone 14,Zone 15,Zone 2,Zone 3,Zone 4,Zone 5,Zone 6,Zone 7,Zone 8,Zone 9
2015-01,-0.26321244520098225,18.31042172808478,8.551084674654835,18.33230277254581,-0.3987953528595716,11.307814189123006,24.73559106881647,-12.001168917966146,22.55907961623583,22.838344969079436,23.759700704566395,19.98416639925693,15.092107965568601,25.767407733367303,10.862217490542555,18.257353876334136,15.704539681611692,13.331736959051446,11.119069758001354,18.55969522406159,15.588440013286027,20.290470163318755
2015-02,2.1756080771726323,20.714829806573388,10.39504669047227,20.27721051952683,2.432506164574374,14.684245666651343,24.897374278999337,-9.082690127430253,24.75620344334558,24.745666594390915,25.248860719214676,23.5163657819626,19.980433840973596,26.252590431578483,12.327545313887185,21.677647050912167,19.815254020921277,17.916868240237747,14.974524183632271,22.89866024472048,20.914528043807717,24.180168310687552
2015-03,4.457465692824637,24.602713953024054,14.265655856623145,24.43176883929603,5.52129331916187,17.157503921979412,26.11052028494488,-6.459850590285813,27.468239708417514,27.621972212640106,26.616643724505607,26.41954781596224,22.9713559558174,27.315029336003462,16.58966965707396,25.506095513651335,23.84041090887314,20.858279885147418,17.85885783691693,26.053744671087195,23.45773609308863,26.224533388801614
2015-04,12.820473055904246,25.35014873754079,15.120458021368586,25.143720399650046,9.305165142644027,24.685180663105992,26.334148088302108,-2.208927525858398,28.456442857445623,28.975154796299968,26.95571990613252,30.557978264335368,30.02501181785065,28.26179211108601,17.222020771240064,27.094437879881486,27.683460186115234,26.410303021721262,24.540547086808587,28.695205949171175,29.24947678182983,29.834010518796184
2015-05,18.442595305317983,27.5278343384822,17.954104164721443,26.091146559136906,13.957194081320747,29.09187955781253,26.564879798422368,3.017990159011436,29.931792915737926,31.166392986209953,27.455792690633853,32.68410380116284,34.305549284101865,28.011696691644214,19.922677837802553,29.43241492667866,31.842258311289527,31.95441817284424,30.506836242458373,32.50895444204083,34.308193628971615,33.24880281073333
2015-06,22.62874320248347,27.30857065939288,19.89868564253802,24.903623008098663,16.509967381862854,30.31610833537207,26.798472368068303,6.2640503092112025,26.52666938455038,28.896054572467577,25.361398610510705,30.90905978022282,33.48227461788202,27.45036886728397,21.362103409680177,28.890165085032944,31.31692103959713,31.86929207999134,30.712400011746787,28.84511761662396,31.676483498711825,28.59547198291565
2015-07,25.121165772414408,26.551953446420853,20.74065165091239,23.846986889569926,16.96544778972933,29.426241170214887,26.846756346500282,10.791483817758454,26.586432186955175,29.24446865340825,24.73874388188885,28.816845180617477,30.28257458618648,27.390866492413736,21.78394597839049,27.636557254771944,28.228970092606858,28.0223501599938,27.94709493372079,26.571979042915906,27.798869880176643,26.912528341612365
2015-08,22.915896994750007,26.81523943940562,20.07706633288873,23.9965794449465,16.557301853717966,28.552218639873292,26.72028069425603,10.490674961182288,25.739433360736488,28.154215735299598,24.7582886905363,27.843572299042474,29.23965543191268,26.9574947632249,21.466037405699826,27.822910165963094,27.99585069345435,27.764945039540557,27.539315750209425,26.27629013836034,27.037263777910653,25.81941861251353
2015-09,17.607776982537565,27.025614287599623,19.711909842902646,24.175400841163786,15.602590098845653,26.60468040790409,26.14672912663648,6.126820370836199,25.61011086561586,27.822110373181108,25.16437644946635,28.431180988559092,30.109859046205244,26.555190550292444,21.334192830476777,28.112121281911552,28.194637155485502,28.078891423003885,27.14355512846257,26.66713791168212,28.174415404613793,26.273556152715926
2015-10,13.764604669867447,25.45087847781393,16.73460573354474,22.76269791611771,11.73951893691401,23.726404480617916,25.50105158128322,0.028828401694631647,25.907941462458847,27.017894418012663,26.086690114861625,29.46475727016716,28.323153345574223,26.896173204966612,18.730406914048856,26.618174335252277,26.17561941279976,25.873087194199144,24.293777980129505,26.0323484301552,27.501143483238582,27.385198015647607
2015-11,4.3369969076491754,22.60187557841675,13.3572618963882,21.18606115140448,8.296579525302423,17.186698619717887,24.963923270864655,-5.406418556354653,24.23366651477305,24.684507701130272,25.361401398622494,26.42905713365673,22.82946784690109,27.158663776382923,14.987137829503375,23.916666764748943,23.085118355275046,21.750838548438043,18.90823025260116,23.586301777599775,23.643850308531007,25.621884712531696
2015-12,-0.4335054118699455,18.919562445929067,9.242213877404991,18.715726142122456,3.7705850044148836,12.211032501793047,24.97635007893458,-10.910471426909252,23.84661346223345,23.82065267572212,24.705501413674323,21.255538216718694,16.49265816518329,26.65128218773046,10.703748568062577,19.95661667757112,17.80279627891991,15.887581601543886,13.367098939100822,20.622582446974207,18.055788992377924,22.749145140252327
2016-01,0.08072572644715992,17.60409935291808,7.575203279895172,17.195702943403372,1.5470209417848542,12.47232457707755,25.317813975768267,-11.397275098312155,23.499294710898834,23.600222839688247,24.447353290640795,21.347593961782223,16.563148787626307,26.04662200599261,9.076216316562933,18.70570514599436,16.695223165796243,15.16057333408103,12.256577150194367,19.713121464247973,18.200435376654738,22.05856964676983
2016-02,1.6818279903411224,21.774490610199344,11.412246837531013,20.673065928776914,4.665342937671018,14.38934541850974,26.347854781693982,-9.845473417783028,26.594511328401957,26.142547277821553,25.89175044707289,23.48043361842541,19.40585609946966,26.69052568856037,12.973169168497707,22.96380317398909,20.971915907196507,18.68956186095547,15.351519875330489,24.377702893001533,21.35951151376387,25.283397543702065
2016-03,7.536123551409685,25.3605163698132,14.25554172923288,24.538924485764465,8.154198175962335,19.010209667477163,27.806610787814275,-4.821667211742557,29.215684258052775,28.551681352939973,27.992838239125348,27.99610150935773,25.301668972109578,27.67229014706557,15.943104930862534,26.859485567390347,26.068502730094107,24.026309321905224,20.565576902237055,27.541174927839847,26.541453204949825,28.76538008592444
2016-04,11.970461782972682,27.588755039205637,16.649831594371435,27.065594204625352,13.259125510141539,24.31532143404995,28.32246885154737,-0.31544054297158014,31.657000023174202,31.28021616533002,28.67814544795709,30.261507816969797,30.83328663877085,29.45794104290982,18.184577155191697,30.65904004255593,32.270696595524754,30.27144189986755,27.516054883966923,32.986279510651265,31.98400520893756,32.38749656031347
2016-05,19.824679179036334,27.076140479957385,17.87510872898917,26.17029781161395,14.352696858062814,30.24037834933626,26.800329424027613,4.556675740510465,30.382806128262757,31.051272248500183,27.91718102791585,32.5746387436663,34.762749585993845,29.336490504962825,19.584661584716738,29.06692348476582,30.950267298318664,31.449554488339345,31.267058535136538,32.33042701715186,34.46051459241867,32.939574464792464
2016-06,23.019828203147014,27.520170922826875,20.230577063488564,24.363152922875912,17.045670226382008,31.553511870785744,26.746966584837438,9.36276836176452,26.27207568541551,28.692686738359384,25.392650950875403,31.617418253895494,34.96640219123217,27.263886593517825,21.587187403261062,28.95834427471074,30.917874826405097,31.54368062970474,32.43325974848685,30.007928920268867,33.09384002650829,29.727817592218933
2016-07,24.985081822473298,26.720522114212784,20.176332303474844,24.011438740999466,16.791249264855843,30.393260183623454,26.71423175828373,11.474933003081386,24.85620239115923,27.722096311654603,24.295757076592206,28.272443769840848,31.617410091824077,27.25784542636227,21.605567322271458,27.710861030285656,28.048663483463933,27.719262242999285,28.9003230582373,26.03621413078618,27.31617918387479,25.285382597999437
2016-08,22.534429233998967,27.43086542382101,21.191247798409705,24.510381239703523,16.997626360064086,28.478610949036515,26.767574202660423,11.047199358422365,25.29983791918841,28.291579091910172,24.333940702653933,26.952385658239567,28.876347502830217,27.5441039340039,22.840333778806187,28.096386207488365,28.384959941137332,27.539727974861144,27.941222609292833,25.91380001712508,26.02036972936123,25.04515807188255
2016-09,20.724109020937792,26.85813295070424,19.572841881232012,24.175417466515594,15.314733236004843,27.88265025261594,26.681497064504065,8.270271302703197,24.669862134391582,27.348597162675095,24.409331826930288,27.699695564863895,30.295669295942293,26.592668490439905,21.237172758631363,27.420256047395664,27.11805571812482,27.204203486624728,28.320906028159627,25.71145252837182,27.033243781128373,25.305015015866044
2016-10,12.805514364339357,25.866981975385706,17.335445113535304,23.46202049724399,12.39445949183549,24.06393960633492,26.560219544028467,2.576612156876288,25.101908450419604,27.161648796579854,24.883209956861304,26.609155364635985,28.05342904905047,26.835754552287945,19.468923570093626,26.388544192311723,25.605069872335065,25.00313616355839,25.490709996750557,24.63495447297169,25.60594058521986,24.87347391717231
2016-11,5.447113996028149,22.382431233907468,14.193408929844235,21.10907819297466,8.715886514480967,18.012411470714746,24.99024221475535,-2.656187501902387,24.28864507991423,24.947849984296237,24.97430058587133,24.452927793680757,22.681183356873067,27.05192488573941,15.75575027268984,22.910671493292654,21.778574824004355,20.46239980557471,19.75380946736333,21.740407208210016,21.562785372353662,23.064946484927393
2016-12,3.5001875936724645,20.103117626974203,11.885996690830058,19.950299641266444,6.7890010447356275,15.412720474203162,24.880447226090627,-7.304604596256172,23.02102817560989,23.594816961721058,24.510481393277487,22.75296620858164,19.39067580834734,26.414097403215955,13.20619336043252,20.233014624621266,18.031664047013606,16.554005419659838,15.498468113010425,19.577605065969003,18.566299511321127,21.72138398899352
2017-01,-1.716218999323429,18.5905594003618,8.973360662935555,19.036747843015085,0.954377005485682,10.508194417351387,24.504564147952756,-11.38918504136554,23.34774852795331,23.525150850296715,24.361121898811362,20.834203933640843,15.329836054924032,26.113904308293503,11.105290900135428,18.906862642960725,16.739125639302138,14.635889607797287,12.072574958704523,19.602888466389583,17.17848712421175,21.50329800256826
2017-02,-0.6053280297402611,21.493808191673068,11.747932202573844,21.073365351271665,4.457339149595078,14.060982486861523,24.95140956294476,-8.975500170509905,25.474681987487187,25.1723480951687,25.87178220993734,23.96575495796894,20.00161659532145,26.4089492797109,13.365796981770382,22.30436636171864,20.218369384733116,18.036817721410006,15.677115631106263,23.291038221895445,20.81187448126148,24.801928563609465
2017-03,5.117488764062037,22.934488357875864,12.357399475520634,23.05192456485971,5.944945699077531,19.104841210623448,26.035175320532836,-6.541946068296189,28.216861214932734,27.958182145036197,26.733391424074085,27.346734480766763,25.122133297633322,27.353125319464368,14.38017899755332,24.666185678711845,24.07984341741865,22.49475315808485,20.1231159179728,26.868784356870297,25.430599156281858,27.697923728244238
2017-04,12.664395351096417,26.094411334384844,15.887398303744959,24.808842413543655,11.650380647126877,25.974132620374668,27.665624410025522,-0.8042748680963913,30.941893517032955,30.8914526960028,27.844278959222294,30.47777814003161,31.515829084635097,28.04022261154303,17.667982273999254,28.211616146548835,29.847594632799524,29.33559049120192,27.945715681967236,32.02826735098627,31.76633479143652,31.654226345905265
2017-05,19.96751089318266,27.649321867735775,18.002908489819852,25.72920740974283,14.219333027936605,30.12318936772012,27.370977235083608,3.9873953909042417,30.768413177195473,31.845674212705973,27.73407207197671,32.60749797887,34.56655246319602,28.172937561975083,19.90686543666716,29.45194813583593,31.435002442126287,31.514217194064546,31.209918881984972,33.06824735707583,34.21979592924564,33.370980731650775
2017-06,23.7351778386186,27.354874505419165,20.15357621490957,24.53085972890101,16.61927226195143,30.96493420526543,26.945930305031137,7.878519762785518,26.401051495474746,29.139441434636627,25.231402693905608,31.355387297930722,33.38011707746852,27.382600294051795,21.397721448259542,29.082550431251146,30.706543152961157,31.48426038719828,30.759282972916754,29.455176923982357,32.059890271413046,28.6293530549972
2017-07,25.106276591201347,26.76951355121292,20.511793794408653,23.981574377653004,16.88003138971776,29.85436130374734,27.37059331955515,11.495781607283543,25.7911110616668,28.536026824119013,24.610991063243162,27.45189341203078,30.112776181644207,27.06148596730384,21.997147127350146,27.638853443364326,27.698435440504987,27.630591902701784,29.107928498593218,26.139525384475522,27.08240221861217,25.822679056324667
2017-08,22.846966199779217,27.08781009902344,20.615257946466553,24.182618176298824,16.918134499852055,29.250891841664593,26.697299717339682,11.070888849281532,25.186189255383905,27.621029105691544,24.435019572623165,27.485834539389842,29.841797689011724,26.876080547203824,22.064663337177308,28.040302499539518,28.08221577969931,27.748130229736525,28.62614455160137,26.369978461849605,27.048815780996183,25.699159945758772
2017-09,19.010514426178617,26.959600943996072,19.95199732902556,24.253070514354537,15.790905943883335,27.144543157950075,26.06563158294683,7.46191705437528,25.284481978958567,27.454100855170097,25.083237872933037,27.860499779732137,30.629324136429368,26.89348316094212,21.527846211992387,28.07004219687821,28.24341547329658,27.607952930427036,27.446665611554614,26.746221066962935,27.683639394369912,26.10203830969307
2017-10,14.062983748639747,25.545996473593185,17.329659974912403,23.217598875285795,12.642006513438632,24.56891675682991,25.966524470801183,2.439912595451351,24.74868950359389,26.62160891376532,25.36498956663876,28.90441202937904,29.316192058308314,26.776404849741997,19.281670225656644,26.309433876628546,26.305237575519993,25.6778458840605,25.468943872375732,25.44228335036508,27.207625343550585,26.08531769238393
2017-11,6.621230596744131,22.357720804346393,13.153902988205292,21.436303278660976,7.5537708728305315,17.221097096409622,24.90330651672741,-4.11725304991245,24.080570830511682,24.82472254392283,25.15031626851614,24.840767242745248,21.8084338931352,26.95604631560481,15.161981443519995,22.36096463114852,21.70946355818071,20.056512806313727,18.369945085783474,21.965957916615046,21.873930800251973,23.750013020136176
2017-12,0.46943565772454976,19.663377048155166,12.025153498349928,19.058469919683002,4.3991224539097225,12.095427628921891,24.668453113084702,-9.179961386645036,22.87434785848764,23.20326528645125,24.176081496947564,21.508387500461883,16.89528727383593,26.50173730872364,13.220179660710658,19.885666295918877,18.428827993589948,16.17304918958401,13.754362963441265,19.796000401427936,18.400975030749528,22.010067599765673
2018-01,0.38929222622548404,16.939582434020046,9.251513078419565,17.839048740475047,2.66108294712096,12.273568236925707,24.537789661873912,-11.24168260044204,23.193338274864164,22.993740324790323,24.3667504672789,21.553223351532534,16.688367855070602,25.81894993161121,10.489736878998713,17.214446735349323,15.159760051519177,14.02764722863512,12.25625323712777,18.777502574263377,17.64161989269019,22.116180573375928
2018-02,2.2503797761542153,21.223066606493994,11.054109981710608,20.432279580593036,4.0180356653000375,15.045340744261368,25.402767881237963,-9.01756187964511,24.891329763893953,24.9995415485265,25.73920173252394,24.22568172340474,20.709019576367314,26.15824115940201,12.813281305760455,22.33927910293823,20.35067237820119,18.36127414107352,15.738093580070798,23.307673446806685,21.588598680411632,24.646512832200845
2018-03,9.148122629658978,24.978286042512643,13.326758590159567,23.379602152681482,7.4900695549030365,20.81726524949357,26.367971339872746,-5.243127003555014,28.043394116855723,27.985050373700293,27.238812643157768,27.99803167288849,26.35414766683754,26.972273704099774,15.502970932848246,26.51073773951798,25.967533283668168,23.993476599382692,21.35398370794997,27.77663155199664,26.78721432710533,28.618179347992008
2018-04,13.19184903575063,25.96329571236137,15.606395761568006,25.3263000623827,11.464271946039903,25.525565280088685,26.69220305535795,-0.2271977664853652,29.891450437073203,29.67704499907948,27.807385251693663,31.08840452428329,31.418483096695883,28.078130383695104,17.803651686987426,27.48335067046092,29.221332399294095,28.412994675591808,26.67321832365964,29.914569749808255,31.309079545998422,31.76437323994299
2018-05,16.90207338404064,26.177134439860083,17.484887738531302,24.88853631423817,14.232122641532326,28.867534606645645,26.17547493126426,3.21634375382385,30.14853441666162,30.723338124823403,27.351596862488464,32.88459528973962,34.9210468312404,27.68972248844705,19.327080368545598,27.886331613681406,30.833488999722935,31.47302416357126,30.79052088811972,32.03292766933603,34.8597604849167,33.89017138564563
2018-06,23.050150636214045,27.613692239314823,20.411932070427103,23.97275651195846,17.420497977093277,31.492346245101942,26.264815076685032,8.552140823437037,26.30539952400847,29.52385873359853,25.139008502525268,31.820651417414663,34.31199853377853,27.09986361454819,21.84900613218937,29.206256070597068,31.927365779327705,32.39823454933935,32.04243756497754,29.33750570603852,32.75770403901995,28.927147545918377
2018-07,25.695000770076657,27.30115126239913,20.8758524801627,24.172038533100086,17.482239457006493,30.537665966896597,26.42119742250445,11.217570465902899,24.95872338906897,28.07112256983273,24.18711004408028,28.303116732245922,31.15331494078085,27.33239492681936,22.288579451714366,28.209059017212038,28.947909673529217,28.665833255305753,28.92577986343698,26.17254743258537,27.70754606189046,25.25871188335225
2018-08,23.511394290825226,27.42719849431739,20.844913442869817,23.899085074860775,16.96338918636342,29.647676984802533,26.173732503163308,11.613556802320629,24.571377160028767,27.610034063198317,23.856349244332037,27.268302624128673,30.26160874363821,26.75723560132609,22.27907283962193,28.135286741852003,28.029615754508647,27.35047271003697,28.394030826759373,25.718280905215366,26.475366174331615,24.8032341544369
2018-09,18.782522686322555,27.258895705706262,19.77515084100092,24.19889824048276,15.25637784476227,27.2924672159945,26.427274839191846,6.578895962869746,25.491926231847053,27.738282230000458,24.95209564413457,27.72258753593936,29.81811880500858,26.716439668850928,21.41913207560105,28.0269130330877,27.680600533763204,26.55409623745587,26.475140863380684,26.038119806186938,25.93168600969751,25.476196466801948
2018-10,11.260783588168044,24.813405469478166,15.601003012138623,22.464710857294737,10.266235588051586,22.836540827467143,25.07289452543216,-2.9016360871087024,25.73197476152337,26.706409684917464,26.057445921421095,29.641769690912763,28.21255841611185,26.832434915644903,17.57023538741844,25.87995434396434,25.472356218159124,24.579241519901363,22.692636275492397,25.32488316743947,26.137596713041074,27.018102909742126
2018-11,5.4044959182682675,22.20019402619507,12.918549558418093,20.709178241629058,7.654155512049924,17.971056076542308,24.78246561767761,-6.98158636894276,24.75863417981967,25.155221376014794,25.758995401250264,26.59206942442807,23.189193840219374,27.05813755069404,13.885385446459281,23.34198253731529,22.205967061096224,20.43176320892915,18.276154608974476,23.061991443785395,22.519355072830347,25.01602857219587
2018-12,1.4655827760833016,18.67809150666742,9.095183969620702,19.433615345725464,2.75108824047564,12.537224789277829,24.72402925981182,-11.836403076520796,23.304625115104454,23.214131445354013,24.502630389337217,21.044143684752445,16.42841154605125,26.397230176445184,11.218849273677302,18.72744677440131,16.951797284254486,14.681775135763989,12.345267130185848,18.410369113338593,16.800044603724245,21.09522138955253
2019-01,-0.8586748797953365,18.386222598739202,7.730359350314697,18.254106499132483,0.28358280859119694,11.200683706052008,24.87498345128708,-12.596376678808268,22.449926039863342,22.445115274844174,23.623425342212343,20.113776461805273,15.316615276432932,26.34972672739387,10.174399211230561,18.49670517291361,16.28712101561406,13.956249777521082,11.011762226028686,18.152992126473592,16.259046183838986,20.563122851133073
2019-02,-1.746432924480231,20.649501999119256,9.808534051657741,20.794512237806508,1.6623268029728224,11.692344074077546,25.769379506094033,-10.367109888644208,25.817145061842215,25.575948473479293,25.475286941121045,22.00541550890093,17.26510557277189,26.834211095389872,12.394830518639692,21.245223798265968,19.044236933910206,16.232182851968044,13.096973068003363,21.986120118661052,19.331315542659755,23.77410999947391
2019-03,3.6238411417789567,23.787192083279514,12.709018008758768,23.199523815383383,5.118068655655676,16.558914830822516,27.10753296494483,-7.466319486139927,28.984435614017958,28.301996287674196,27.04571382478062,26.52975304013601,23.03042411120458,27.09818344177791,14.791393927844387,24.863746219805353,23.996498064023864,21.299698830907793,17.910829292417407,26.13326301854062,24.177649854828495,27.701091714056563
2019-04,12.040790755494083,26.409846929175067,16.040102778972795,26.776897193924583,10.992204949224375,24.541673866784052,27.757265673388282,0.373507752663326,30.75613596480466,30.28117134064849,28.328691455516402,31.299529517202547,31.16145199793871,28.651146870629205,18.13070311449494,27.988327439201218,29.365309948967308,28.501295514855997,26.20787432184017,30.581600865666573,31.149145414802703,32.16484352490362
2019-05,17.236261531226063,28.123179969944815,17.892028334717672,27.316050444045505,14.29846138520061,27.768931993598937,27.79566330320504,2.5399072269323746,31.590325531089643,31.9920647553506,27.967660942243754,31.901542217054246,33.15570651036095,28.221301641164096,20.120937883889177,29.660150991290053,32.664634498117366,31.874304119962336,29.543133549866944,33.100194183545725,33.76315308759363,33.33375251901411
2019-06,21.15726123457572,28.09655216383196,20.57254609763006,25.245927115288737,17.131868516302408,31.110157987448012,27.71616549473781,6.249208276020496,28.446759225765113,30.95026470984596,26.15812269742098,31.47842937741874,35.260945187675325,27.4838679293974,22.10702948479201,29.70441126846536,32.8080212433755,32.70574996314448,32.72674525747826,31.541980982155792,33.69177889197838,30.969659650233606
2019-07,26.15086223187966,27.403422872161492,20.4883885783553,24.324823152808843,17.03455866790759,30.834375002205547,27.30270029441384,10.1678890551584,25.585559127226208,28.483395120684357,24.56309626010281,29.766823603624953,32.7405712154632,27.540679398175865,21.860000389533056,28.699101452949318,28.86985051985795,28.76770656710632,29.553738499939588,26.881991196110526,28.59205950221779,26.111974427457493
2019-08,23.56832471665655,27.700846462106714,21.33550550614446,24.476356309545594,17.23811684613182,28.83808335735294,26.293711440505497,10.71773091055421,24.825616967563235,27.540925511964808,24.130483098132018,27.246608494021608,29.73506546375522,26.85837877707232,22.917152054221102,28.40847042165095,28.651000806037192,27.82713692178013,28.094746365078006,25.96253339975666,26.47623578910173,25.07640639037354
2019-09,20.563851225644594,26.779634165647767,19.479346975058082,23.966793784927283,15.281622711506165,28.671605484179874,26.071990711001995,9.0973852030142,24.749799819058094,26.920283559792374,24.625808956268582,27.450316047609018,30.349490683976594,26.51133454425932,21.10666011979441,27.377887419572644,27.069134447814996,26.67775530722446,27.920197659003556,25.60817121041832,26.31043225326764,25.033757068110184
2019-10,13.368660550156797,25.31885138585439,16.682329972690095,23.62635888781156,11.43463005559895,23.095543030859577,24.947298700174514,0.4374506162416148,24.236169359201376,25.947038790570375,25.006947677880728,27.491866974059363,27.437601841864836,27.27032120151268,18.613689165912696,25.881366300524366,25.093242009048517,24.171954657775842,24.060367245660856,24.604305206212985,24.835390357194612,24.768807839996686
2019-11,3.2115828806180446,23.022291620497217,14.722365697863662,22.030565076603043,8.234838041307656,15.919395531263412,25.271416279980187,-5.507192375398002,24.02659124689538,25.243486143747933,25.455077717275973,25.46428340541137,21.579783538906927,27.078323324366423,16.161870728240558,23.66461398759243,22.78601277015139,21.11243278733605,18.6655130400603,22.768232363289982,22.810666807301057,23.904790029395446
2019-12,0.5991910921190363,18.592264967872406,9.375704929939165,18.452423588682443,0.5395684042442361,11.64634571907216,24.864979433749184,-12.94399996114606,22.92862979123436,23.494168082218618,25.05902733807939,21.298700649213387,14.720233248960117,26.480508497113863,10.786966564321485,18.9994311823876,16.121760726252102,13.536463153464902,10.929829921691542,19.29457874736447,16.39220566682254,21.90632419816773
2020-01,-4.229474916930892,17.500630872002652,8.126604621996853,18.60982802533611,-0.672616540183473,8.92997111326181,25.428914173603758,-12.995343238470493,23.770650461189966,23.627500007943322,24.668639498051547,19.205134661090778,14.148388507551601,26.51672177058518,9.697279010326435,17.8182675452848,15.549523396174992,13.493563798812449,10.643774311941078,18.487716789104407,15.882983028433577,20.890318272809377
2020-02,0.9203129106909802,19.628541083296273,9.914171176820425,20.497244974487426,1.6610567728810184,14.271366975638877,26.41443610887358,-10.54230660581621,25.06891725636499,24.74732639215088,26.056686602246376,23.243474962340155,19.19758348172951,26.528961271734048,11.810424143223601,20.12066799174212,18.013549902057147,16.207351895649172,14.27170975946052,20.352768930070035,19.32212572782184,23.74161812324173
2020-03,5.090161732557043,24.16182310384376,13.375692978188834,24.302099337683398,5.279123671664512,16.744819984737163,27.555147867275917,-6.284256221164448,27.79559129139288,27.491345611194156,26.95379765828716,25.73874373637267,22.40563153244578,27.15817731197568,15.653819150317627,25.027053108150287,23.02209652284315,20.652748123246916,17.704970056692737,24.880998591698223,23.457585111351435,26.428093448197767
2020-04,11.167190006034945,26.14194910511481,15.561314689457152,25.812580852144755,9.770920827853677,23.76943451214918,27.58881945313788,-1.7471179783392439,29.834939041530276,29.677406400117803,28.26693471251779,31.311338952937085,30.094899288382358,28.37682075946752,17.734081273212873,27.540957209288305,27.893489516427014,26.79134223238719,24.433236221421836,29.02899147405661,29.908534754418806,31.298057933221113
2020-05,17.629787417837015,26.817902840774863,17.402416431780736,26.34949817321952,13.154829102705824,28.364798845132196,27.233543998558794,3.555588012823209,30.856142834038273,31.04343224276024,28.112040990387133,32.83399952306664,33.76083635829259,28.35446733569876,19.512995306606175,27.890999754415997,29.76410267134839,29.966328549964164,29.06865639667627,31.012854089671638,33.26112317413506,33.246377042810856
2020-06,22.905056027849906,27.16086113489296,19.972399609904777,24.975526311166835,15.65991635895474,31.06460675297849,27.200346552002593,7.9406369522962255,26.66425251841375,29.243813149004,25.33199181778871,31.04984741983189,34.5776866348491,27.325627980880448,21.322433650386333,28.353003537478433,28.356590063371094,29.59240706534995,31.015860315778603,27.658977853948677,30.589418010367048,27.612727747388792
2020-07,24.408634817500396,27.15667520917579,20.299010443492428,24.751240019536958,16.914365934568018,30.99903585841061,26.521267631139008,11.164132308544355,25.090107242515472,27.63212353511422,24.731763288783682,29.308598828049938,33.05067081011893,27.09520656126956,21.763154492271113,28.260901005074697,28.184413607892935,28.64357738676435,29.942692946024728,26.894760811958964,29.145310223462282,26.595598616700304
2020-08,23.717389855975682,27.439956251351514,21.064368752100776,24.26358383895769,17.440212163708924,29.341594979301064,26.76261401513101,12.345574933174026,24.702511308650116,27.387048922509933,24.462448738887158,27.558709164227672,30.149322777333282,27.416896762143885,22.489983318460197,28.30232914116914,28.53487496024972,27.86123122368651,28.525904868949635,26.006361931036757,26.82008133577568,25.134117494760144
2020-09,17.643799957287616,27.170825209275897,19.932258773742227,24.59246240001629,15.86991315846487,26.945101896015515,25.828991668095323,8.502952802780657,24.756218120430972,27.132221947513,24.722509445124405,28.186637174973296,30.234891887896115,26.87817667775655,21.65902123255704,28.059729803933397,27.90226758323568,28.08711694169256,28.630816573635048,26.79429335453023,27.844971823538778,26.0438059036337
2020-10,10.614702295690686,26.60112655387127,18.349667213452168,23.73878630753388,13.126507145359982,22.55120933625383,26.58006781009948,2.728558258301271,24.575604417424994,26.630374229355578,25.13000067394961,28.29930269961993,28.187537452225655,26.430284834226452,20.233654784786822,27.155262981031864,26.507398230623476,25.41266274999403,24.689584427840746,25.394565267654865,26.56039511424311,25.793672112838028
2020-11,4.045943766535114,22.361156392875948,13.17558077335263,21.42306868096912,6.470063997315033,16.05914667052136,25.40448597737293,-5.56740557841969,23.645760097762512,24.853535402179848,25.442115136856476,24.395617074671875,20.71284783983804,27.188498682113845,15.002669527235907,22.966105065497413,21.143042548402377,19.122310181517225,17.242926632761183,22.28169768945561,21.018772117022912,23.841289950400384
2020-12,-2.38583798597166,18.77583416323461,10.478521776603982,19.19987488886232,3.1635378898345445,11.558044225407887,24.533172973878244,-11.662375933952136,22.337153526525427,22.79960174586899,24.54379577011827,21.20386653075608,16.59421719470595,26.55108608425628,11.500938865891591,19.328633222785978,17.31684887958285,15.186938661402086,12.606785458262005,19.649773204324855,17.796293897805665,21.729937507584836
2021-01,-2.074407634319722,18.344389123857088,9.883539177920607,19.07559956558293,3.075429492362467,10.431189966361393,24.413065716127704,-12.222740093607353,23.41430966410294,23.60955303731916,24.398415906444825,19.983183584518915,14.885802199068943,26.487951393414733,11.195500963504884,18.879405111719517,16.221163199966934,14.370069462626999,11.287172091031435,20.475951737696306,17.36575219757886,22.844117015996463
2021-02,4.586892448849581,20.703203575599108,10.943480257147534,20.570186734830255,4.2208920167442345,16.244084397651683,25.28726163414894,-8.167854934630826,23.946741558188997,24.273179945636077,25.252833706203102,23.543057694773925,20.94451361292882,26.387806789037285,12.91483994542752,21.437272875124332,19.901248171237285,18.485642480672187,16.036475320052972,22.054160929750942,20.978822560518573,23.697295300662404
2021-03,8.282904081609624,25.669541073992637,14.159919604617864,24.769635561722716,8.574467755932224,20.667710999332318,26.028223328927254,-4.75584419388848,27.81166168467957,27.801773358909767,27.598168323417713,28.060167359015974,26.600022990451308,27.66977100855334,16.665144326302165,26.807867696005747,25.889927400870686,24.18507562471309,21.644790408920134,27.558140848596906,26.638654264727634,28.232620640934783
2021-04,13.61742900708844,27.91468529769332,16.352261781377916,25.60842019873407,10.633058358027236,24.44432821682541,26.630649509322833,-2.8854115600351293,29.190095669507457,29.582015752010182,27.499912971762853,30.878693679384817,29.908755744368843,27.483586869544588,18.869889651406496,29.27008643862793,29.64816210379604,28.248064546304356,25.13671777449539,30.285971205151796,30.500784443810915,30.808294685916476
2021-05,18.397694727831848,27.45953875435127,18.055147731608304,26.071014827879797,12.913009864984216,28.515897228228887,26.546085820678282,2.818211537098704,28.59242021232332,30.100029109410457,26.669662781609304,31.251108813325395,32.320957149995124,28.02953591698085,20.215387422853226,28.437510600572093,28.475232251515973,28.50674964857596,28.578113766856642,29.925317105781215,30.979909348150695,30.922849123619347
2021-06,23.64150367124305,26.99265776994427,20.175703384828743,24.738643165920177,15.70133538763559,30.919598468246722,26.600365415012636,7.56891789078761,26.078303984722414,29.078736459304196,25.08943585574113,30.604387510262768,33.5531266957753,27.705267691528277,21.630329823896552,28.44174766914846,28.4082864544902,29.557331311883594,31.156035069819882,27.42983247263378,30.811449042914454,27.6843765869278
2021-07,25.765893673179047,27.217274336721967,20.70257577208833,24.52616397235346,17.224882799781202,30.72307699367624,26.55124138327327,11.666752957875929,24.9225366457049,27.66645057570667,24.582121192215684,29.183999036834685,32.4015599375787,27.133419996183264,22.139984608632695,28.285314398080803,28.67469853672716,29.27931225241483,30.042402281894873,26.507308813557223,29.109438993206485,26.415711496516
2021-08,22.904355627963298,26.9296534901451,20.3129364632837,24.13838257036428,16.703450816971777,29.417071601927205,26.35982969650921,10.773331383122539,25.095676264062178,27.864993324666795,24.347757823056032,28.094764623094445,31.49160046334676,26.80346783998661,21.740165853681592,27.90017932687357,27.88437487561992,27.768315421238018,28.60811558592369,26.432330677799477,27.039270126383226,25.374391003881463
2021-09,20.796292811765092,27.1207535567285,20.111507005654467,24.122362334817517,15.735250626394365,28.452349379496386,26.503518772766025,9.215083799863896,24.743431753822804,27.299949622029107,24.49520285340385,27.246707624146485,28.971960177507256,26.46493174785905,21.75638862630314,27.461412013677734,27.681449832001213,26.98301380907597,26.737769406723093,25.753850297012765,26.473043054977087,25.061115515345207
2021-10,11.613108165019693,26.250684241114456,17.991303201816454,23.687363948822853,12.214812394220361,22.883275632302915,25.699285592463898,0.7370825457195674,24.875930988413536,26.814034799734184,25.171445130316187,26.85934239625993,27.111858633387516,26.69221678707757,20.11268903575602,26.677459002388627,25.581833993437694,24.458133754173485,23.44874213386814,25.30285180803086,25.112378399249433,24.99929870795159
2021-11,5.0141070666377825,21.90524190364605,13.006541255031204,21.600309733762707,7.037721824743879,17.30652043629975,24.840046349263478,-7.916159906963002,23.428401149573155,24.49956643550061,24.798818719209724,24.889334858407445,21.88405798228182,26.853867603344217,14.924193799971981,22.202020546467622,20.848788608074308,18.913010688934634,17.40915496356061,22.28003472186564,20.927379490715,23.968864893681406
2021-12,2.1486338525797697,18.990856021007986,10.19013202667568,18.87378722701681,1.3654342020395394,12.486957183874038,24.932566345756292,-11.69677108747364,22.363502868973434,22.907627217010557,23.897179106076646,20.708452684205835,16.085617218879033,26.288076634995623,11.933893348433616,19.05045734138874,17.472122944076773,15.05771740503353,12.601474982726266,19.066716313644868,17.072418917485198,20.993443843206293
2022-01,-1.8791510307297186,17.541964305922793,7.717470559390913,18.165642471141688,-0.7818399783360437,10.203735672786932,25.112934122273487,-12.031733947931555,22.485380837389148,22.985973912048433,23.806317484945264,19.037281079417017,14.15265533772079,26.333638704685168,9.648762258758262,17.514117265566316,15.076295984299113,12.926314616717457,10.957129531266437,17.595773448893542,14.915756885133776,19.78026596522257
2022-02,0.5870096389738291,18.40171492419801,7.703443823627009,18.951498463976773,0.24041897564115441,14.173961381112957,25.349016715324932,-11.230467910792601,24.418610276103433,24.34504453072011,24.948526459578506,22.533417162669316,19.046192174540227,26.20412995458763,9.815410688908878,19.200855737054336,17.371744467870112,15.646450174578982,13.505833270296167,20.760800968977975,19.23375818447209,23.086361170098584
2022-03,9.36555623654377,25.46049350762388,15.583104725004072,24.540435213028847,9.10212020238522,21.961877518993205,26.57855698773747,-3.3670216896325034,28.043403545274113,28.028493288875946,27.47801247018533,28.417925114648902,27.139620241646725,27.46302975829756,17.37292422496507,26.392342724356684,25.925233273943736,24.180709777407895,22.31727320865675,27.515497366526912,26.64996358155878,28.587592224195475
2022-04,16.308511056408655,27.200283798915454,16.551313451308175,25.563311650892384,13.517429088602167,27.605703363922984,26.208307259585688,2.2025438683091605,29.95325550708745,29.861116425400617,27.739606259184313,31.532597344992425,32.710781047818976,28.2256148929482,18.43701379764114,29.011408697109285,30.814444542836156,30.131865957820335,29.040439407465257,31.991096899451897,32.34904581257946,32.3779775061762
2022-05,19.014783909459133,27.041447240704425,18.175560603338575,24.374382347193766,14.875501284565903,30.31815544150946,26.611561128914474,5.898315008732112,28.82443708048147,30.377543002608757,26.686056484415463,32.111710174641125,34.75693223104185,27.406885355060677,19.79940326402091,28.835660190016416,30.797004533744435,31.172908118017098,31.09176027542421,31.773858730016723,33.994408235096394,32.59574290405263
2022-06,22.840614530338453,27.09082544517558,19.53294624918207,24.142200947774576,17.21924666156872,30.626111196066113,26.47897673838214,8.967036413944543,27.142162070137204,29.832802246212914,25.412840893010472,31.45794548034319,33.9367871955136,27.16204514042781,20.970952342492662,29.110150048337857,31.4540066385084,32.181134323278464,31.71674502804209,30.3001527432967,32.57512803376889,29.57046779725614
2022-07,25.65723933484042,27.914144248958294,21.20866220648655,25.054207052892707,17.71305736575001,27.9250547063197,26.43506710746623,12.582909291384585,24.508500407833928,27.233933990418752,24.28749178433185,27.454588550144003,29.06823119910879,27.145892890451933,22.75660255010631,28.632577825598062,29.582921837894244,29.065654784135944,28.359892235007532,26.30581127626031,27.522421644947414,25.080629849644712
2022-08,22.13784184476535,27.770472907685214,21.20229615821699,24.56999382320822,17.2808656374609,26.932655135189467,25.91783443117812,11.679974358959115,24.870707219000238,27.472032891164424,24.39952593804861,27.102199722632175,28.093101369242007,27.025620925179886,22.886265747564035,28.268409039234086,28.534477075975555,27.944754758722933,27.94318960693563,26.220769115542282,26.560542846848954,25.324742839426104
2022-09,19.57709522623268,26.949059306119945,19.75614120417648,24.214559959191497,15.374143386044867,27.010571765284297,26.085074105050403,7.858268332042011,24.826351721726052,27.338712924050736,24.643921312784627,27.585382840557916,29.95213709057285,26.93562480895823,21.299792496573602,27.746227295343118,27.35005394620558,26.892227839493625,27.197862271754573,26.06442205174401,26.76066707243655,25.459464854068433
2022-10,12.932812425144224,25.493690979016282,16.855447423246925,23.38240595152294,10.274320931381052,23.152560112515957,25.345595758276204,-0.884745152432379,23.789739344250595,25.819798276653067,24.763390296710103,27.54562339208862,27.273572338500756,26.42751478274596,18.99335721729203,25.943878749413255,24.86431350119552,23.54092295941852,22.905822721865867,24.221347370823572,24.396400062092617,24.30300082697575
2022-11,6.101274049328848,22.351374340026084,13.183422389035176,21.78003046106513,6.989294354201208,17.70250234722966,24.714593015854042,-7.254246987205053,23.02463522787426,24.209745259853314,24.59421231511934,24.92026774273364,22.482078353352616,26.79410790360295,15.318475940682204,22.479165772545212,21.02721847086114,19.640631265523258,18.023965468894446,21.29652773307545,21.11261754254396,22.956438094469384
2022-12,0.4120763136679832,19.689376558260896,11.058168326469326,19.904426350749947,4.451550730264337,12.827151242611865,24.34500515896245,-10.230886873557974,22.97985616308992,23.86060060416501,24.518141297312084,22.280139484751054,17.074378824441304,26.75814626024501,12.691286675436634,19.87886533306493,17.608933068917434,15.442843311007342,13.210114218458587,20.329100449537975,18.13210665783361,22.681463022916795
2023-01,-5.433129667510421,18.346440561259673,9.493957673990383,18.885872704316025,1.8322881108603422,8.797678316187515,23.9955070543964,-12.116775857298562,22.666805441202843,23.204751145285346,23.76031743852937,19.33854141652392,14.06417545873876,26.236343134681437,10.990352721280441,18.68423592977014,15.737151376486613,13.394859476613934,10.58059278893717,20.025691536193598,16.04334331700209,21.182812060737657
2023-02,2.7558160178280455,21.382897731779718,11.579709726673018,21.25050535759451,4.7549881970129215,16.497427597130585,24.777696923095473,-8.727760025733772,25.017262177608533,25.089785954660027,25.84040249645912,23.8006997522093,21.56827461997925,26.71127202799212,13.370843264713136,22.20235542828728,20.182902863986165,18.52972978670299,16.621309635684383,22.965123580350102,21.141864690819407,24.1838038501092
2023-03,8.800075459576286,24.26535877601345,13.462267015833461,23.85393143490064,7.269412336077397,19.176754210889342,26.08712760924986,-5.538067833964169,26.73301558920853,27.05928873126955,26.95177482720126,26.8784531052125,24.564878064562706,27.724374000433198,15.631749752692743,25.470675613161106,24.336058664218573,22.27024249356141,19.916019338343855,25.79713377222884,24.460217431178755,26.161081705765415
2023-04,13.1753621986556,27.555130507266362,16.400217850472835,27.040236671648383,10.4339105341257,23.039256563073717,27.0042256738143,-2.097390004834816,29.237301445506684,29.59013177269167,28.123116049457593,29.656582242423408,28.712384066741592,29.11468533051328,18.645314209042905,29.18881172945913,29.09837948026807,26.56388850372582,24.205572263823004,29.096679052457585,28.564004587512365,29.42893813274343
